time,shortwave_radiation_instant (W/m²)
2024-03-15T00:00,0.0
2024-03-15T00:15,0.0
2024-03-15T00:30,0.0
2024-03-15T00:45,0.0
2024-03-15T01:00,0.0
2024-03-15T01:15,0.0
2024-03-15T01:30,0.0
2024-03-15T01:45,0.0
2024-03-15T02:00,0.0
2024-03-15T02:15,0.0
2024-03-15T02:30,0.0
2024-03-15T02:45,0.0
2024-03-15T03:00,0.0
2024-03-15T03:15,0.0
2024-03-15T03:30,0.0
2024-03-15T03:45,0.0
2024-03-15T04:00,0.0
2024-03-15T04:15,0.0
2024-03-15T04:30,0.0
2024-03-15T04:45,0.0
2024-03-15T05:00,0.0
2024-03-15T05:15,0.0
2024-03-15T05:30,0.0
2024-03-15T05:45,0.0
2024-03-15T06:00,0.0
2024-03-15T06:15,0.0
2024-03-15T06:30,0.0
2024-03-15T06:45,0.0
2024-03-15T07:00,0.0
2024-03-15T07:15,0.0
2024-03-15T07:30,0.0
2024-03-15T07:45,0.0
2024-03-15T08:00,0.0
2024-03-15T08:15,33.9
2024-03-15T08:30,46.3
2024-03-15T08:45,60.1
2024-03-15T09:00,78.4
2024-03-15T09:15,79.1
2024-03-15T09:30,110.2
2024-03-15T09:45,199.1
2024-03-15T10:00,256.4
2024-03-15T10:15,205.6
2024-03-15T10:30,222.2
2024-03-15T10:45,217.0
2024-03-15T11:00,211.0
2024-03-15T11:15,440.9
2024-03-15T11:30,231.0
2024-03-15T11:45,429.0
2024-03-15T12:00,314.0
2024-03-15T12:15,609.0
2024-03-15T12:30,515.5
2024-03-15T12:45,625.2
2024-03-15T13:00,633.8
2024-03-15T13:15,732.8
2024-03-15T13:30,641.0
2024-03-15T13:45,679.6
2024-03-15T14:00,727.9
2024-03-15T14:15,746.2
2024-03-15T14:30,744.5
2024-03-15T14:45,722.9
2024-03-15T15:00,711.3
2024-03-15T15:15,689.7
2024-03-15T15:30,658.4
2024-03-15T15:45,631.9
2024-03-15T16:00,599.6
2024-03-15T16:15,563.5
2024-03-15T16:30,525.4
2024-03-15T16:45,485.4
2024-03-15T17:00,441.6
2024-03-15T17:15,395.0
2024-03-15T17:30,348.6
2024-03-15T17:45,301.2
2024-03-15T18:00,252.2
2024-03-15T18:15,202.6
2024-03-15T18:30,155.1
2024-03-15T18:45,108.1
2024-03-15T19:00,63.9
2024-03-15T19:15,25.7
2024-03-15T19:30,0.0
2024-03-15T19:45,0.0
2024-03-15T20:00,0.0
2024-03-15T20:15,0.0
2024-03-15T20:30,0.0
2024-03-15T20:45,0.0
2024-03-15T21:00,0.0
2024-03-15T21:15,0.0
2024-03-15T21:30,0.0
2024-03-15T21:45,0.0
2024-03-15T22:00,0.0
2024-03-15T22:15,0.0
2024-03-15T22:30,0.0
2024-03-15T22:45,0.0
2024-03-15T23:00,0.0
2024-03-15T23:15,0.0
2024-03-15T23:30,0.0
2024-03-15T23:45,0.0
2024-03-16T00:00,0.0
2024-03-16T00:15,0.0
2024-03-16T00:30,0.0
2024-03-16T00:45,0.0
2024-03-16T01:00,0.0
2024-03-16T01:15,0.0
2024-03-16T01:30,0.0
2024-03-16T01:45,0.0
2024-03-16T02:00,0.0
2024-03-16T02:15,0.0
2024-03-16T02:30,0.0
2024-03-16T02:45,0.0
2024-03-16T03:00,0.0
2024-03-16T03:15,0.0
2024-03-16T03:30,0.0
2024-03-16T03:45,0.0
2024-03-16T04:00,0.0
2024-03-16T04:15,0.0
2024-03-16T04:30,0.0
2024-03-16T04:45,0.0
2024-03-16T05:00,0.0
2024-03-16T05:15,0.0
2024-03-16T05:30,0.0
2024-03-16T05:45,0.0
2024-03-16T06:00,0.0
2024-03-16T06:15,0.0
2024-03-16T06:30,0.0
2024-03-16T06:45,0.0
2024-03-16T07:00,0.0
2024-03-16T07:15,0.0
2024-03-16T07:30,0.0
2024-03-16T07:45,0.0
2024-03-16T08:00,20.0
2024-03-16T08:15,18.0
2024-03-16T08:30,83.7
2024-03-16T08:45,145.7
2024-03-16T09:00,198.2
2024-03-16T09:15,181.8
2024-03-16T09:30,216.9
2024-03-16T09:45,231.7
2024-03-16T10:00,235.2
2024-03-16T10:15,101.2
2024-03-16T10:30,393.3
2024-03-16T10:45,200.4
2024-03-16T11:00,309.7
2024-03-16T11:15,167.1
2024-03-16T11:30,526.2
2024-03-16T11:45,448.2
2024-03-16T12:00,431.7
2024-03-16T12:15,310.0
2024-03-16T12:30,532.6
2024-03-16T12:45,490.0
2024-03-16T13:00,638.8
2024-03-16T13:15,341.3
2024-03-16T13:30,761.2
2024-03-16T13:45,759.5
2024-03-16T14:00,747.9
2024-03-16T14:15,756.2
2024-03-16T14:30,744.5
2024-03-16T14:45,713.1
2024-03-16T15:00,681.7
2024-03-16T15:15,620.8
2024-03-16T15:30,638.8
2024-03-16T15:45,622.2
2024-03-16T16:00,588.0
2024-03-16T16:15,482.8
2024-03-16T16:30,485.7
2024-03-16T16:45,452.7
2024-03-16T17:00,383.2
2024-03-16T17:15,299.7
2024-03-16T17:30,289.0
2024-03-16T17:45,255.5
2024-03-16T18:00,221.9
2024-03-16T18:15,157.2
2024-03-16T18:30,130.4
2024-03-16T18:45,102.5
2024-03-16T19:00,58.0
2024-03-16T19:15,29.1
2024-03-16T19:30,0.9
2024-03-16T19:45,0.0
2024-03-16T20:00,0.0
2024-03-16T20:15,0.0
2024-03-16T20:30,0.0
2024-03-16T20:45,0.0
2024-03-16T21:00,0.0
2024-03-16T21:15,0.0
2024-03-16T21:30,0.0
2024-03-16T21:45,0.0
2024-03-16T22:00,0.0
2024-03-16T22:15,0.0
2024-03-16T22:30,0.0
2024-03-16T22:45,0.0
2024-03-16T23:00,0.0
2024-03-16T23:15,0.0
2024-03-16T23:30,0.0
2024-03-16T23:45,0.0
2024-03-17T00:00,0.0
2024-03-17T00:15,0.0
2024-03-17T00:30,0.0
2024-03-17T00:45,0.0
2024-03-17T01:00,0.0
2024-03-17T01:15,0.0
2024-03-17T01:30,0.0
2024-03-17T01:45,0.0
2024-03-17T02:00,0.0
2024-03-17T02:15,0.0
2024-03-17T02:30,0.0
2024-03-17T02:45,0.0
2024-03-17T03:00,0.0
2024-03-17T03:15,0.0
2024-03-17T03:30,0.0
2024-03-17T03:45,0.0
2024-03-17T04:00,0.0
2024-03-17T04:15,0.0
2024-03-17T04:30,0.0
2024-03-17T04:45,0.0
2024-03-17T05:00,0.0
2024-03-17T05:15,0.0
2024-03-17T05:30,0.0
2024-03-17T05:45,0.0
2024-03-17T06:00,0.0
2024-03-17T06:15,0.0
2024-03-17T06:30,0.0
2024-03-17T06:45,0.0
2024-03-17T07:00,0.0
2024-03-17T07:15,0.0
2024-03-17T07:30,0.0
2024-03-17T07:45,0.0
2024-03-17T08:00,23.6
2024-03-17T08:15,53.1
2024-03-17T08:30,100.7
2024-03-17T08:45,96.8
2024-03-17T09:00,197.7
2024-03-17T09:15,90.7
2024-03-17T09:30,267.8
2024-03-17T09:45,328.7
2024-03-17T10:00,374.5
2024-03-17T10:15,318.0
2024-03-17T10:30,425.3
2024-03-17T10:45,504.9
2024-03-17T11:00,525.5
2024-03-17T11:15,553.4
2024-03-17T11:30,633.3
2024-03-17T11:45,665.1
2024-03-17T12:00,683.6
2024-03-17T12:15,653.4
2024-03-17T12:30,720.6
2024-03-17T12:45,725.9
2024-03-17T13:00,744.4
2024-03-17T13:15,562.1
2024-03-17T13:30,761.1
2024-03-17T13:45,749.5
2024-03-17T14:00,757.8
2024-03-17T14:15,626.8
2024-03-17T14:30,615.5
2024-03-17T14:45,723.0
2024-03-17T15:00,691.6
2024-03-17T15:15,542.0
2024-03-17T15:30,570.0
2024-03-17T15:45,443.9
2024-03-17T16:00,390.8
2024-03-17T16:15,165.5
2024-03-17T16:30,421.8
2024-03-17T16:45,303.2
2024-03-17T17:00,354.5
2024-03-17T17:15,228.2
2024-03-17T17:30,266.4
2024-03-17T17:45,170.1
2024-03-17T18:00,174.7
2024-03-17T18:15,69.5
2024-03-17T18:30,103.8
2024-03-17T18:45,67.4
2024-03-17T19:00,71.4
2024-03-17T19:15,12.5
2024-03-17T19:30,2.3
2024-03-17T19:45,0.0
2024-03-17T20:00,0.0
2024-03-17T20:15,0.0
2024-03-17T20:30,0.0
2024-03-17T20:45,0.0
2024-03-17T21:00,0.0
2024-03-17T21:15,0.0
2024-03-17T21:30,0.0
2024-03-17T21:45,0.0
2024-03-17T22:00,0.0
2024-03-17T22:15,0.0
2024-03-17T22:30,0.0
2024-03-17T22:45,0.0
2024-03-17T23:00,0.0
2024-03-17T23:15,0.0
2024-03-17T23:30,0.0
2024-03-17T23:45,0.0
2024-03-18T00:00,0.0
2024-03-18T00:15,0.0
2024-03-18T00:30,0.0
2024-03-18T00:45,0.0
2024-03-18T01:00,0.0
2024-03-18T01:15,0.0
2024-03-18T01:30,0.0
2024-03-18T01:45,0.0
2024-03-18T02:00,0.0
2024-03-18T02:15,0.0
2024-03-18T02:30,0.0
2024-03-18T02:45,0.0
2024-03-18T03:00,0.0
2024-03-18T03:15,0.0
2024-03-18T03:30,0.0
2024-03-18T03:45,0.0
2024-03-18T04:00,0.0
2024-03-18T04:15,0.0
2024-03-18T04:30,0.0
2024-03-18T04:45,0.0
2024-03-18T05:00,0.0
2024-03-18T05:15,0.0
2024-03-18T05:30,0.0
2024-03-18T05:45,0.0
2024-03-18T06:00,0.0
2024-03-18T06:15,0.0
2024-03-18T06:30,0.0
2024-03-18T06:45,0.0
2024-03-18T07:00,0.0
2024-03-18T07:15,0.0
2024-03-18T07:30,0.0
2024-03-18T07:45,0.0
2024-03-18T08:00,31.5
2024-03-18T08:15,59.9
2024-03-18T08:30,114.1
2024-03-18T08:45,164.9
2024-03-18T09:00,208.2
2024-03-18T09:15,194.1
2024-03-18T09:30,256.9
2024-03-18T09:45,320.0
2024-03-18T10:00,412.0
2024-03-18T10:15,433.5
2024-03-18T10:30,507.0
2024-03-18T10:45,543.9
2024-03-18T11:00,586.0
2024-03-18T11:15,615.7
2024-03-18T11:30,654.6
2024-03-18T11:45,684.3
2024-03-18T12:00,707.8
2024-03-18T12:15,727.3
2024-03-18T12:30,746.7
2024-03-18T12:45,766.2
2024-03-18T13:00,774.5
2024-03-18T13:15,782.8
2024-03-18T13:30,781.1
2024-03-18T13:45,779.4
2024-03-18T14:00,777.8
2024-03-18T14:15,756.1
2024-03-18T14:30,754.4
2024-03-18T14:45,742.8
2024-03-18T15:00,721.3
2024-03-18T15:15,699.7
2024-03-18T15:30,668.4
2024-03-18T15:45,643.9
2024-03-18T16:00,611.6
2024-03-18T16:15,576.4
2024-03-18T16:30,537.4
2024-03-18T16:45,496.4
2024-03-18T17:00,453.6
2024-03-18T17:15,359.2
2024-03-18T17:30,358.6
2024-03-18T17:45,312.2
2024-03-18T18:00,263.2
2024-03-18T18:15,213.5
2024-03-18T18:30,165.0
2024-03-18T18:45,118.0
2024-03-18T19:00,74.4
2024-03-18T19:15,34.0
2024-03-18T19:30,4.5
2024-03-18T19:45,0.0
2024-03-18T20:00,0.0
2024-03-18T20:15,0.0
2024-03-18T20:30,0.0
2024-03-18T20:45,0.0
2024-03-18T21:00,0.0
2024-03-18T21:15,0.0
2024-03-18T21:30,0.0
2024-03-18T21:45,0.0
2024-03-18T22:00,0.0
2024-03-18T22:15,0.0
2024-03-18T22:30,0.0
2024-03-18T22:45,0.0
2024-03-18T23:00,0.0
2024-03-18T23:15,0.0
2024-03-18T23:30,0.0
2024-03-18T23:45,0.0
2024-03-19T00:00,0.0
2024-03-19T00:15,0.0
2024-03-19T00:30,0.0
2024-03-19T00:45,0.0
2024-03-19T01:00,0.0
2024-03-19T01:15,0.0
2024-03-19T01:30,0.0
2024-03-19T01:45,0.0
2024-03-19T02:00,0.0
2024-03-19T02:15,0.0
2024-03-19T02:30,0.0
2024-03-19T02:45,0.0
2024-03-19T03:00,0.0
2024-03-19T03:15,0.0
2024-03-19T03:30,0.0
2024-03-19T03:45,0.0
2024-03-19T04:00,0.0
2024-03-19T04:15,0.0
2024-03-19T04:30,0.0
2024-03-19T04:45,0.0
2024-03-19T05:00,0.0
2024-03-19T05:15,0.0
2024-03-19T05:30,0.0
2024-03-19T05:45,0.0
2024-03-19T06:00,0.0
2024-03-19T06:15,0.0
2024-03-19T06:30,0.0
2024-03-19T06:45,0.0
2024-03-19T07:00,0.0
2024-03-19T07:15,0.0
2024-03-19T07:30,0.0
2024-03-19T07:45,0.0
2024-03-19T08:00,34.7
2024-03-19T08:15,75.3
2024-03-19T08:30,121.6
2024-03-19T08:45,169.9
2024-03-19T09:00,219.8
2024-03-19T09:15,269.2
2024-03-19T09:30,318.3
2024-03-19T09:45,366.2
2024-03-19T10:00,413.8
2024-03-19T10:15,458.3
2024-03-19T10:30,500.5
2024-03-19T10:45,538.6
2024-03-19T11:00,577.6
2024-03-19T11:15,604.3
2024-03-19T11:30,643.2
2024-03-19T11:45,670.9
2024-03-19T12:00,695.5
2024-03-19T12:15,717.0
2024-03-19T12:30,737.6
2024-03-19T12:45,745.9
2024-03-19T13:00,754.3
2024-03-19T13:15,762.7
2024-03-19T13:30,771.1
2024-03-19T13:45,769.4
2024-03-19T14:00,767.8
2024-03-19T14:15,756.1
2024-03-19T14:30,744.5
2024-03-19T14:45,732.9
2024-03-19T15:00,711.4
2024-03-19T15:15,680.1
2024-03-19T15:30,658.6
2024-03-19T15:45,632.2
2024-03-19T16:00,600.0
2024-03-19T16:15,565.8
2024-03-19T16:30,523.9
2024-03-19T16:45,485.9
2024-03-19T17:00,437.4
2024-03-19T17:15,380.4
2024-03-19T17:30,342.7
2024-03-19T17:45,292.7
2024-03-19T18:00,239.3
2024-03-19T18:15,203.7
2024-03-19T18:30,151.0
2024-03-19T18:45,109.7
2024-03-19T19:00,71.6
2024-03-19T19:15,31.8
2024-03-19T19:30,6.0
2024-03-19T19:45,0.0
2024-03-19T20:00,0.0
2024-03-19T20:15,0.0
2024-03-19T20:30,0.0
2024-03-19T20:45,0.0
2024-03-19T21:00,0.0
2024-03-19T21:15,0.0
2024-03-19T21:30,0.0
2024-03-19T21:45,0.0
2024-03-19T22:00,0.0
2024-03-19T22:15,0.0
2024-03-19T22:30,0.0
2024-03-19T22:45,0.0
2024-03-19T23:00,0.0
2024-03-19T23:15,0.0
2024-03-19T23:30,0.0
2024-03-19T23:45,0.0
2024-03-20T00:00,0.0
2024-03-20T00:15,0.0
2024-03-20T00:30,0.0
2024-03-20T00:45,0.0
2024-03-20T01:00,0.0
2024-03-20T01:15,0.0
2024-03-20T01:30,0.0
2024-03-20T01:45,0.0
2024-03-20T02:00,0.0
2024-03-20T02:15,0.0
2024-03-20T02:30,0.0
2024-03-20T02:45,0.0
2024-03-20T03:00,0.0
2024-03-20T03:15,0.0
2024-03-20T03:30,0.0
2024-03-20T03:45,0.0
2024-03-20T04:00,0.0
2024-03-20T04:15,0.0
2024-03-20T04:30,0.0
2024-03-20T04:45,0.0
2024-03-20T05:00,0.0
2024-03-20T05:15,0.0
2024-03-20T05:30,0.0
2024-03-20T05:45,0.0
2024-03-20T06:00,0.0
2024-03-20T06:15,0.0
2024-03-20T06:30,0.0
2024-03-20T06:45,0.0
2024-03-20T07:00,0.0
2024-03-20T07:15,0.0
2024-03-20T07:30,0.0
2024-03-20T07:45,0.0
2024-03-20T08:00,39.3
2024-03-20T08:15,73.3
2024-03-20T08:30,125.5
2024-03-20T08:45,177.2
2024-03-20T09:00,220.4
2024-03-20T09:15,236.5
2024-03-20T09:30,322.2
2024-03-20T09:45,373.2
2024-03-20T10:00,418.8
2024-03-20T10:15,450.7
2024-03-20T10:30,515.8
2024-03-20T10:45,559.0
2024-03-20T11:00,594.9
2024-03-20T11:15,621.5
2024-03-20T11:30,658.4
2024-03-20T11:45,695.2
2024-03-20T12:00,721.8
2024-03-20T12:15,733.1
2024-03-20T12:30,760.7
2024-03-20T12:45,778.1
2024-03-20T13:00,784.4
2024-03-20T13:15,792.8
2024-03-20T13:30,801.1
2024-03-20T13:45,799.4
2024-03-20T14:00,797.7
2024-03-20T14:15,776.0
2024-03-20T14:30,774.3
2024-03-20T14:45,752.7
2024-03-20T15:00,731.2
2024-03-20T15:15,709.7
2024-03-20T15:30,688.1
2024-03-20T15:45,655.8
2024-03-20T16:00,622.5
2024-03-20T16:15,586.3
2024-03-20T16:30,547.3
2024-03-20T16:45,505.4
2024-03-20T17:00,462.5
2024-03-20T17:15,265.8
2024-03-20T17:30,357.1
2024-03-20T17:45,308.9
2024-03-20T18:00,259.0
2024-03-20T18:15,136.9
2024-03-20T18:30,145.0
2024-03-20T18:45,79.5
2024-03-20T19:00,51.3
2024-03-20T19:15,0.7
2024-03-20T19:30,6.5
2024-03-20T19:45,0.0
2024-03-20T20:00,0.0
2024-03-20T20:15,0.0
2024-03-20T20:30,0.0
2024-03-20T20:45,0.0
2024-03-20T21:00,0.0
2024-03-20T21:15,0.0
2024-03-20T21:30,0.0
2024-03-20T21:45,0.0
2024-03-20T22:00,0.0
2024-03-20T22:15,0.0
2024-03-20T22:30,0.0
2024-03-20T22:45,0.0
2024-03-20T23:00,0.0
2024-03-20T23:15,0.0
2024-03-20T23:30,0.0
2024-03-20T23:45,0.0
2024-03-21T00:00,0.0
2024-03-21T00:15,0.0
2024-03-21T00:30,0.0
2024-03-21T00:45,0.0
2024-03-21T01:00,0.0
2024-03-21T01:15,0.0
2024-03-21T01:30,0.0
2024-03-21T01:45,0.0
2024-03-21T02:00,0.0
2024-03-21T02:15,0.0
2024-03-21T02:30,0.0
2024-03-21T02:45,0.0
2024-03-21T03:00,0.0
2024-03-21T03:15,0.0
2024-03-21T03:30,0.0
2024-03-21T03:45,0.0
2024-03-21T04:00,0.0
2024-03-21T04:15,0.0
2024-03-21T04:30,0.0
2024-03-21T04:45,0.0
2024-03-21T05:00,0.0
2024-03-21T05:15,0.0
2024-03-21T05:30,0.0
2024-03-21T05:45,0.0
2024-03-21T06:00,0.0
2024-03-21T06:15,0.0
2024-03-21T06:30,0.0
2024-03-21T06:45,0.0
2024-03-21T07:00,0.0
2024-03-21T07:15,0.0
2024-03-21T07:30,0.0
2024-03-21T07:45,0.0
2024-03-21T08:00,20.5
2024-03-21T08:15,7.3
2024-03-21T08:30,111.2
2024-03-21T08:45,163.3
2024-03-21T09:00,125.2
2024-03-21T09:15,73.0
2024-03-21T09:30,260.3
2024-03-21T09:45,149.6
2024-03-21T10:00,175.8
2024-03-21T10:15,272.6
2024-03-21T10:30,293.0
2024-03-21T10:45,284.6
2024-03-21T11:00,289.7
2024-03-21T11:15,521.1
2024-03-21T11:30,316.4
2024-03-21T11:45,265.6
2024-03-21T12:00,254.8
2024-03-21T12:15,130.6
2024-03-21T12:30,308.1
2024-03-21T12:45,352.7
2024-03-21T13:00,211.2
2024-03-21T13:15,120.4
2024-03-21T13:30,510.7
2024-03-21T13:45,669.4
2024-03-21T14:00,548.4
2024-03-21T14:15,179.1
2024-03-21T14:30,416.9
2024-03-21T14:45,297.1
2024-03-21T15:00,247.0
2024-03-21T15:15,19.7
2024-03-21T15:30,68.8
2024-03-21T15:45,98.0
2024-03-21T16:00,144.7
2024-03-21T16:15,118.8
2024-03-21T16:30,320.3
2024-03-21T16:45,370.2
2024-03-21T17:00,315.5
2024-03-21T17:15,317.6
2024-03-21T17:30,355.4
2024-03-21T17:45,266.7
2024-03-21T18:00,182.8
2024-03-21T18:15,30.4
2024-03-21T18:30,124.5
2024-03-21T18:45,93.7
2024-03-21T19:00,49.1
2024-03-21T19:15,11.9
2024-03-21T19:30,9.1
2024-03-21T19:45,0.0
2024-03-21T20:00,0.0
2024-03-21T20:15,0.0
2024-03-21T20:30,0.0
2024-03-21T20:45,0.0
2024-03-21T21:00,0.0
2024-03-21T21:15,0.0
2024-03-21T21:30,0.0
2024-03-21T21:45,0.0
2024-03-21T22:00,0.0
2024-03-21T22:15,0.0
2024-03-21T22:30,0.0
2024-03-21T22:45,0.0
2024-03-21T23:00,0.0
2024-03-21T23:15,0.0
2024-03-21T23:30,0.0
2024-03-21T23:45,0.0
2024-03-22T00:00,0.0
2024-03-22T00:15,0.0
2024-03-22T00:30,0.0
2024-03-22T00:45,0.0
2024-03-22T01:00,0.0
2024-03-22T01:15,0.0
2024-03-22T01:30,0.0
2024-03-22T01:45,0.0
2024-03-22T02:00,0.0
2024-03-22T02:15,0.0
2024-03-22T02:30,0.0
2024-03-22T02:45,0.0
2024-03-22T03:00,0.0
2024-03-22T03:15,0.0
2024-03-22T03:30,0.0
2024-03-22T03:45,0.0
2024-03-22T04:00,0.0
2024-03-22T04:15,0.0
2024-03-22T04:30,0.0
2024-03-22T04:45,0.0
2024-03-22T05:00,0.0
2024-03-22T05:15,0.0
2024-03-22T05:30,0.0
2024-03-22T05:45,0.0
2024-03-22T06:00,0.0
2024-03-22T06:15,0.0
2024-03-22T06:30,0.0
2024-03-22T06:45,0.0
2024-03-22T07:00,0.0
2024-03-22T07:15,0.0
2024-03-22T07:30,0.0
2024-03-22T07:45,0.0
2024-03-22T08:00,24.0
2024-03-22T08:15,28.8
2024-03-22T08:30,62.7
2024-03-22T08:45,86.4
2024-03-22T09:00,133.7
2024-03-22T09:15,70.8
2024-03-22T09:30,217.5
2024-03-22T09:45,260.0
2024-03-22T10:00,354.5
2024-03-22T10:15,404.5
2024-03-22T10:30,466.7
2024-03-22T10:45,497.8
2024-03-22T11:00,532.9
2024-03-22T11:15,388.9
2024-03-22T11:30,611.2
2024-03-22T11:45,637.0
2024-03-22T12:00,432.3
2024-03-22T12:15,488.0
2024-03-22T12:30,737.3
2024-03-22T12:45,685.2
2024-03-22T13:00,744.1
2024-03-22T13:15,361.2
2024-03-22T13:30,750.9
2024-03-22T13:45,619.5
2024-03-22T14:00,777.7
2024-03-22T14:15,268.6
2024-03-22T14:30,744.5
2024-03-22T14:45,742.9
2024-03-22T15:00,721.4
2024-03-22T15:15,463.3
2024-03-22T15:30,688.2
2024-03-22T15:45,656.9
2024-03-22T16:00,469.2
2024-03-22T16:15,219.2
2024-03-22T16:30,478.6
2024-03-22T16:45,485.3
2024-03-22T17:00,450.3
2024-03-22T17:15,349.3
2024-03-22T17:30,376.4
2024-03-22T17:45,324.4
2024-03-22T18:00,275.4
2024-03-22T18:15,206.3
2024-03-22T18:30,183.5
2024-03-22T18:45,135.3
2024-03-22T19:00,88.7
2024-03-22T19:15,46.1
2024-03-22T19:30,13.0
2024-03-22T19:45,0.0
2024-03-22T20:00,0.0
2024-03-22T20:15,0.0
2024-03-22T20:30,0.0
2024-03-22T20:45,0.0
2024-03-22T21:00,0.0
2024-03-22T21:15,0.0
2024-03-22T21:30,0.0
2024-03-22T21:45,0.0
2024-03-22T22:00,0.0
2024-03-22T22:15,0.0
2024-03-22T22:30,0.0
2024-03-22T22:45,0.0
2024-03-22T23:00,0.0
2024-03-22T23:15,0.0
2024-03-22T23:30,0.0
2024-03-22T23:45,0.0
2024-03-23T00:00,0.0
2024-03-23T00:15,0.0
2024-03-23T00:30,0.0
2024-03-23T00:45,0.0
2024-03-23T01:00,0.0
2024-03-23T01:15,0.0
2024-03-23T01:30,0.0
2024-03-23T01:45,0.0
2024-03-23T02:00,0.0
2024-03-23T02:15,0.0
2024-03-23T02:30,0.0
2024-03-23T02:45,0.0
2024-03-23T03:00,0.0
2024-03-23T03:15,0.0
2024-03-23T03:30,0.0
2024-03-23T03:45,0.0
2024-03-23T04:00,0.0
2024-03-23T04:15,0.0
2024-03-23T04:30,0.0
2024-03-23T04:45,0.0
2024-03-23T05:00,0.0
2024-03-23T05:15,0.0
2024-03-23T05:30,0.0
2024-03-23T05:45,0.0
2024-03-23T06:00,0.0
2024-03-23T06:15,0.0
2024-03-23T06:30,0.0
2024-03-23T06:45,0.0
2024-03-23T07:00,0.0
2024-03-23T07:15,0.0
2024-03-23T07:30,0.0
2024-03-23T07:45,0.0
2024-03-23T08:00,51.0
2024-03-23T08:15,60.7
2024-03-23T08:30,137.4
2024-03-23T08:45,183.4
2024-03-23T09:00,195.3
2024-03-23T09:15,96.4
2024-03-23T09:30,261.9
2024-03-23T09:45,269.3
2024-03-23T10:00,286.3
2024-03-23T10:15,95.6
2024-03-23T10:30,497.6
2024-03-23T10:45,472.9
2024-03-23T11:00,461.9
2024-03-23T11:15,65.5
2024-03-23T11:30,538.6
2024-03-23T11:45,572.7
2024-03-23T12:00,626.1
2024-03-23T12:15,49.6
2024-03-23T12:30,617.0
2024-03-23T12:45,524.0
2024-03-23T13:00,573.1
2024-03-23T13:15,40.1
2024-03-23T13:30,600.7
2024-03-23T13:45,539.5
2024-03-23T14:00,508.5
2024-03-23T14:15,49.7
2024-03-23T14:30,575.8
2024-03-23T14:45,465.5
2024-03-23T15:00,454.6
2024-03-23T15:15,88.7
2024-03-23T15:30,590.0
2024-03-23T15:45,509.9
2024-03-23T16:00,302.1
2024-03-23T16:15,30.2
2024-03-23T16:30,249.5
2024-03-23T16:45,225.3
2024-03-23T17:00,151.1
2024-03-23T17:15,23.0
2024-03-23T17:30,175.9
2024-03-23T17:45,144.4
2024-03-23T18:00,46.7
2024-03-23T18:15,6.5
2024-03-23T18:30,58.8
2024-03-23T18:45,55.5
2024-03-23T19:00,56.4
2024-03-23T19:15,2.3
2024-03-23T19:30,10.6
2024-03-23T19:45,0.0
2024-03-23T20:00,0.0
2024-03-23T20:15,0.0
2024-03-23T20:30,0.0
2024-03-23T20:45,0.0
2024-03-23T21:00,0.0
2024-03-23T21:15,0.0
2024-03-23T21:30,0.0
2024-03-23T21:45,0.0
2024-03-23T22:00,0.0
2024-03-23T22:15,0.0
2024-03-23T22:30,0.0
2024-03-23T22:45,0.0
2024-03-23T23:00,0.0
2024-03-23T23:15,0.0
2024-03-23T23:30,0.0
2024-03-23T23:45,0.0
2024-03-24T00:00,0.0
2024-03-24T00:15,0.0
2024-03-24T00:30,0.0
2024-03-24T00:45,0.0
2024-03-24T01:00,0.0
2024-03-24T01:15,0.0
2024-03-24T01:30,0.0
2024-03-24T01:45,0.0
2024-03-24T02:00,0.0
2024-03-24T02:15,0.0
2024-03-24T02:30,0.0
2024-03-24T02:45,0.0
2024-03-24T03:00,0.0
2024-03-24T03:15,0.0
2024-03-24T03:30,0.0
2024-03-24T03:45,0.0
2024-03-24T04:00,0.0
2024-03-24T04:15,0.0
2024-03-24T04:30,0.0
2024-03-24T04:45,0.0
2024-03-24T05:00,0.0
2024-03-24T05:15,0.0
2024-03-24T05:30,0.0
2024-03-24T05:45,0.0
2024-03-24T06:00,0.0
2024-03-24T06:15,0.0
2024-03-24T06:30,0.0
2024-03-24T06:45,0.0
2024-03-24T07:00,0.0
2024-03-24T07:15,0.0
2024-03-24T07:30,0.0
2024-03-24T07:45,3.4
2024-03-24T08:00,21.9
2024-03-24T08:15,1.2
2024-03-24T08:30,61.1
2024-03-24T08:45,103.6
2024-03-24T09:00,112.6
2024-03-24T09:15,6.4
2024-03-24T09:30,72.0
2024-03-24T09:45,88.3
2024-03-24T10:00,120.1
2024-03-24T10:15,2.1
2024-03-24T10:30,234.7
2024-03-24T10:45,135.9
2024-03-24T11:00,113.9
2024-03-24T11:15,5.1
2024-03-24T11:30,124.4
2024-03-24T11:45,183.1
2024-03-24T12:00,129.9
2024-03-24T12:15,10.1
2024-03-24T12:30,131.3
2024-03-24T12:45,100.8
2024-03-24T13:00,90.5
2024-03-24T13:15,0.0
2024-03-24T13:30,120.1
2024-03-24T13:45,79.9
2024-03-24T14:00,59.8
2024-03-24T14:15,0.0
2024-03-24T14:30,129.1
2024-03-24T14:45,138.7
2024-03-24T15:00,108.7
2024-03-24T15:15,9.9
2024-03-24T15:30,108.2
2024-03-24T15:45,78.5
2024-03-24T16:00,58.7
2024-03-24T16:15,0.0
2024-03-24T16:30,55.4
2024-03-24T16:45,40.6
2024-03-24T17:00,45.2
2024-03-24T17:15,2.9
2024-03-24T17:30,45.7
2024-03-24T17:45,49.1
2024-03-24T18:00,42.1
2024-03-24T18:15,3.7
2024-03-24T18:30,38.1
2024-03-24T18:45,32.7
2024-03-24T19:00,33.8
2024-03-24T19:15,1.5
2024-03-24T19:30,5.9
2024-03-24T19:45,0.0
2024-03-24T20:00,0.0
2024-03-24T20:15,0.0
2024-03-24T20:30,0.0
2024-03-24T20:45,0.0
2024-03-24T21:00,0.0
2024-03-24T21:15,0.0
2024-03-24T21:30,0.0
2024-03-24T21:45,0.0
2024-03-24T22:00,0.0
2024-03-24T22:15,0.0
2024-03-24T22:30,0.0
2024-03-24T22:45,0.0
2024-03-24T23:00,0.0
2024-03-24T23:15,0.0
2024-03-24T23:30,0.0
2024-03-24T23:45,0.0
2024-03-25T00:00,0.0
2024-03-25T00:15,0.0
2024-03-25T00:30,0.0
2024-03-25T00:45,0.0
2024-03-25T01:00,0.0
2024-03-25T01:15,0.0
2024-03-25T01:30,0.0
2024-03-25T01:45,0.0
2024-03-25T02:00,0.0
2024-03-25T02:15,0.0
2024-03-25T02:30,0.0
2024-03-25T02:45,0.0
2024-03-25T03:00,0.0
2024-03-25T03:15,0.0
2024-03-25T03:30,0.0
2024-03-25T03:45,0.0
2024-03-25T04:00,0.0
2024-03-25T04:15,0.0
2024-03-25T04:30,0.0
2024-03-25T04:45,0.0
2024-03-25T05:00,0.0
2024-03-25T05:15,0.0
2024-03-25T05:30,0.0
2024-03-25T05:45,0.0
2024-03-25T06:00,0.0
2024-03-25T06:15,0.0
2024-03-25T06:30,0.0
2024-03-25T06:45,0.0
2024-03-25T07:00,0.0
2024-03-25T07:15,0.0
2024-03-25T07:30,0.0
2024-03-25T07:45,9.5
2024-03-25T08:00,21.6
2024-03-25T08:15,4.7
2024-03-25T08:30,63.1
2024-03-25T08:45,62.7
2024-03-25T09:00,77.9
2024-03-25T09:15,5.3
2024-03-25T09:30,107.9
2024-03-25T09:45,140.7
2024-03-25T10:00,137.8
2024-03-25T10:15,8.3
2024-03-25T10:30,160.2
2024-03-25T10:45,245.0
2024-03-25T11:00,189.8
2024-03-25T11:15,37.8
2024-03-25T11:30,319.2
2024-03-25T11:45,244.1
2024-03-25T12:00,273.9
2024-03-25T12:15,20.2
2024-03-25T12:30,242.3
2024-03-25T12:45,131.0
2024-03-25T13:00,140.7
2024-03-25T13:15,20.1
2024-03-25T13:30,510.6
2024-03-25T13:45,439.6
2024-03-25T14:00,508.4
2024-03-25T14:15,59.7
2024-03-25T14:30,317.7
2024-03-25T14:45,336.8
2024-03-25T15:00,395.3
2024-03-25T15:15,59.2
2024-03-25T15:30,314.7
2024-03-25T15:45,264.8
2024-03-25T16:00,176.0
2024-03-25T16:15,19.5
2024-03-25T16:30,213.7
2024-03-25T16:45,219.6
2024-03-25T17:00,158.9
2024-03-25T17:15,42.1
2024-03-25T17:30,165.6
2024-03-25T17:45,91.6
2024-03-25T18:00,52.4
2024-03-25T18:15,33.3
2024-03-25T18:30,62.7
2024-03-25T18:45,54.0
2024-03-25T19:00,37.4
2024-03-25T19:15,10.2
2024-03-25T19:30,8.0
2024-03-25T19:45,0.0
2024-03-25T20:00,0.0
2024-03-25T20:15,0.0
2024-03-25T20:30,0.0
2024-03-25T20:45,0.0
2024-03-25T21:00,0.0
2024-03-25T21:15,0.0
2024-03-25T21:30,0.0
2024-03-25T21:45,0.0
2024-03-25T22:00,0.0
2024-03-25T22:15,0.0
2024-03-25T22:30,0.0
2024-03-25T22:45,0.0
2024-03-25T23:00,0.0
2024-03-25T23:15,0.0
2024-03-25T23:30,0.0
2024-03-25T23:45,0.0
2024-03-26T00:00,0.0
2024-03-26T00:15,0.0
2024-03-26T00:30,0.0
2024-03-26T00:45,0.0
2024-03-26T01:00,0.0
2024-03-26T01:15,0.0
2024-03-26T01:30,0.0
2024-03-26T01:45,0.0
2024-03-26T02:00,0.0
2024-03-26T02:15,0.0
2024-03-26T02:30,0.0
2024-03-26T02:45,0.0
2024-03-26T03:00,0.0
2024-03-26T03:15,0.0
2024-03-26T03:30,0.0
2024-03-26T03:45,0.0
2024-03-26T04:00,0.0
2024-03-26T04:15,0.0
2024-03-26T04:30,0.0
2024-03-26T04:45,0.0
2024-03-26T05:00,0.0
2024-03-26T05:15,0.0
2024-03-26T05:30,0.0
2024-03-26T05:45,0.0
2024-03-26T06:00,0.0
2024-03-26T06:15,0.0
2024-03-26T06:30,0.0
2024-03-26T06:45,0.0
2024-03-26T07:00,0.0
2024-03-26T07:15,0.0
2024-03-26T07:30,0.0
2024-03-26T07:45,21.1
2024-03-26T08:00,35.0
2024-03-26T08:15,50.1
2024-03-26T08:30,134.8
2024-03-26T08:45,174.4
2024-03-26T09:00,237.5
2024-03-26T09:15,264.6
2024-03-26T09:30,339.4
2024-03-26T09:45,408.2
2024-03-26T10:00,451.7
2024-03-26T10:15,493.0
2024-03-26T10:30,526.9
2024-03-26T10:45,585.6
2024-03-26T11:00,632.8
2024-03-26T11:15,601.2
2024-03-26T11:30,703.4
2024-03-26T11:45,732.1
2024-03-26T12:00,750.5
2024-03-26T12:15,698.2
2024-03-26T12:30,807.6
2024-03-26T12:45,795.8
2024-03-26T13:00,844.4
2024-03-26T13:15,772.4
2024-03-26T13:30,850.9
2024-03-26T13:45,849.1
2024-03-26T14:00,827.4
2024-03-26T14:15,746.1
2024-03-26T14:30,774.3
2024-03-26T14:45,792.4
2024-03-26T15:00,780.8
2024-03-26T15:15,621.1
2024-03-26T15:30,708.1
2024-03-26T15:45,667.0
2024-03-26T16:00,665.0
2024-03-26T16:15,497.2
2024-03-26T16:30,574.1
2024-03-26T16:45,541.9
2024-03-26T17:00,498.0
2024-03-26T17:15,368.9
2024-03-26T17:30,380.9
2024-03-26T17:45,350.7
2024-03-26T18:00,296.8
2024-03-26T18:15,130.4
2024-03-26T18:30,184.7
2024-03-26T18:45,143.8
2024-03-26T19:00,103.2
2024-03-26T19:15,23.7
2024-03-26T19:30,19.1
2024-03-26T19:45,0.0
2024-03-26T20:00,0.0
2024-03-26T20:15,0.0
2024-03-26T20:30,0.0
2024-03-26T20:45,0.0
2024-03-26T21:00,0.0
2024-03-26T21:15,0.0
2024-03-26T21:30,0.0
2024-03-26T21:45,0.0
2024-03-26T22:00,0.0
2024-03-26T22:15,0.0
2024-03-26T22:30,0.0
2024-03-26T22:45,0.0
2024-03-26T23:00,0.0
2024-03-26T23:15,0.0
2024-03-26T23:30,0.0
2024-03-26T23:45,0.0
2024-03-27T00:00,0.0
2024-03-27T00:15,0.0
2024-03-27T00:30,0.0
2024-03-27T00:45,0.0
2024-03-27T01:00,0.0
2024-03-27T01:15,0.0
2024-03-27T01:30,0.0
2024-03-27T01:45,0.0
2024-03-27T02:00,0.0
2024-03-27T02:15,0.0
2024-03-27T02:30,0.0
2024-03-27T02:45,0.0
2024-03-27T03:00,0.0
2024-03-27T03:15,0.0
2024-03-27T03:30,0.0
2024-03-27T03:45,0.0
2024-03-27T04:00,0.0
2024-03-27T04:15,0.0
2024-03-27T04:30,0.0
2024-03-27T04:45,0.0
2024-03-27T05:00,0.0
2024-03-27T05:15,0.0
2024-03-27T05:30,0.0
2024-03-27T05:45,0.0
2024-03-27T06:00,0.0
2024-03-27T06:15,0.0
2024-03-27T06:30,0.0
2024-03-27T06:45,0.0
2024-03-27T07:00,0.0
2024-03-27T07:15,0.0
2024-03-27T07:30,0.0
2024-03-27T07:45,34.8
2024-03-27T08:00,79.1
2024-03-27T08:15,124.0
2024-03-27T08:30,171.2
2024-03-27T08:45,235.4
2024-03-27T09:00,288.9
2024-03-27T09:15,334.6
2024-03-27T09:30,389.8
2024-03-27T09:45,441.5
2024-03-27T10:00,489.0
2024-03-27T10:15,542.5
2024-03-27T10:30,581.5
2024-03-27T10:45,623.5
2024-03-27T11:00,662.4
2024-03-27T11:15,684.9
2024-03-27T11:30,723.7
2024-03-27T11:45,762.4
2024-03-27T12:00,780.8
2024-03-27T12:15,819.5
2024-03-27T12:30,827.7
2024-03-27T12:45,846.1
2024-03-27T13:00,854.3
2024-03-27T13:15,872.6
2024-03-27T13:30,860.8
2024-03-27T13:45,869.1
2024-03-27T14:00,857.3
2024-03-27T14:15,855.6
2024-03-27T14:30,833.9
2024-03-27T14:45,812.3
2024-03-27T15:00,800.6
2024-03-27T15:15,788.8
2024-03-27T15:30,747.5
2024-03-27T15:45,716.1
2024-03-27T16:00,674.9
2024-03-27T16:15,652.3
2024-03-27T16:30,603.4
2024-03-27T16:45,560.4
2024-03-27T17:00,515.5
2024-03-27T17:15,476.4
2024-03-27T17:30,419.2
2024-03-27T17:45,367.9
2024-03-27T18:00,315.8
2024-03-27T18:15,142.6
2024-03-27T18:30,133.9
2024-03-27T18:45,88.1
2024-03-27T19:00,95.1
2024-03-27T19:15,67.0
2024-03-27T19:30,26.9
2024-03-27T19:45,0.0
2024-03-27T20:00,0.0
2024-03-27T20:15,0.0
2024-03-27T20:30,0.0
2024-03-27T20:45,0.0
2024-03-27T21:00,0.0
2024-03-27T21:15,0.0
2024-03-27T21:30,0.0
2024-03-27T21:45,0.0
2024-03-27T22:00,0.0
2024-03-27T22:15,0.0
2024-03-27T22:30,0.0
2024-03-27T22:45,0.0
2024-03-27T23:00,0.0
2024-03-27T23:15,0.0
2024-03-27T23:30,0.0
2024-03-27T23:45,0.0
2024-03-28T00:00,0.0
2024-03-28T00:15,0.0
2024-03-28T00:30,0.0
2024-03-28T00:45,0.0
2024-03-28T01:00,0.0
2024-03-28T01:15,0.0
2024-03-28T01:30,0.0
2024-03-28T01:45,0.0
2024-03-28T02:00,0.0
2024-03-28T02:15,0.0
2024-03-28T02:30,0.0
2024-03-28T02:45,0.0
2024-03-28T03:00,0.0
2024-03-28T03:15,0.0
2024-03-28T03:30,0.0
2024-03-28T03:45,0.0
2024-03-28T04:00,0.0
2024-03-28T04:15,0.0
2024-03-28T04:30,0.0
2024-03-28T04:45,0.0
2024-03-28T05:00,0.0
2024-03-28T05:15,0.0
2024-03-28T05:30,0.0
2024-03-28T05:45,0.0
2024-03-28T06:00,0.0
2024-03-28T06:15,0.0
2024-03-28T06:30,0.0
2024-03-28T06:45,0.0
2024-03-28T07:00,0.0
2024-03-28T07:15,0.0
2024-03-28T07:30,0.0
2024-03-28T07:45,32.4
2024-03-28T08:00,64.8
2024-03-28T08:15,48.4
2024-03-28T08:30,148.4
2024-03-28T08:45,210.8
2024-03-28T09:00,264.8
2024-03-28T09:15,306.6
2024-03-28T09:30,362.0
2024-03-28T09:45,418.2
2024-03-28T10:00,466.8
2024-03-28T10:15,469.7
2024-03-28T10:30,559.6
2024-03-28T10:45,603.8
2024-03-28T11:00,645.8
2024-03-28T11:15,684.7
2024-03-28T11:30,713.4
2024-03-28T11:45,742.0
2024-03-28T12:00,770.6
2024-03-28T12:15,778.9
2024-03-28T12:30,807.4
2024-03-28T12:45,815.8
2024-03-28T13:00,824.1
2024-03-28T13:15,852.5
2024-03-28T13:30,790.7
2024-03-28T13:45,719.2
2024-03-28T14:00,747.7
2024-03-28T14:15,845.6
2024-03-28T14:30,814.0
2024-03-28T14:45,792.5
2024-03-28T15:00,770.9
2024-03-28T15:15,769.1
2024-03-28T15:30,727.9
2024-03-28T15:45,686.7
2024-03-28T16:00,645.6
2024-03-28T16:15,615.3
2024-03-28T16:30,586.0
2024-03-28T16:45,544.0
2024-03-28T17:00,499.2
2024-03-28T17:15,448.8
2024-03-28T17:30,408.0
2024-03-28T17:45,358.6
2024-03-28T18:00,308.5
2024-03-28T18:15,254.0
2024-03-28T18:30,206.2
2024-03-28T18:45,157.0
2024-03-28T19:00,109.2
2024-03-28T19:15,65.1
2024-03-28T19:30,27.7
2024-03-28T19:45,0.7
2024-03-28T20:00,0.0
2024-03-28T20:15,0.0
2024-03-28T20:30,0.0
2024-03-28T20:45,0.0
2024-03-28T21:00,0.0
2024-03-28T21:15,0.0
2024-03-28T21:30,0.0
2024-03-28T21:45,0.0
2024-03-28T22:00,0.0
2024-03-28T22:15,0.0
2024-03-28T22:30,0.0
2024-03-28T22:45,0.0
2024-03-28T23:00,0.0
2024-03-28T23:15,0.0
2024-03-28T23:30,0.0
2024-03-28T23:45,0.0
2024-03-29T00:00,0.0
2024-03-29T00:15,0.0
2024-03-29T00:30,0.0
2024-03-29T00:45,0.0
2024-03-29T01:00,0.0
2024-03-29T01:15,0.0
2024-03-29T01:30,0.0
2024-03-29T01:45,0.0
2024-03-29T02:00,0.0
2024-03-29T02:15,0.0
2024-03-29T02:30,0.0
2024-03-29T02:45,0.0
2024-03-29T03:00,0.0
2024-03-29T03:15,0.0
2024-03-29T03:30,0.0
2024-03-29T03:45,0.0
2024-03-29T04:00,0.0
2024-03-29T04:15,0.0
2024-03-29T04:30,0.0
2024-03-29T04:45,0.0
2024-03-29T05:00,0.0
2024-03-29T05:15,0.0
2024-03-29T05:30,0.0
2024-03-29T05:45,0.0
2024-03-29T06:00,0.0
2024-03-29T06:15,0.0
2024-03-29T06:30,0.0
2024-03-29T06:45,0.0
2024-03-29T07:00,0.0
2024-03-29T07:15,0.0
2024-03-29T07:30,0.0
2024-03-29T07:45,38.4
2024-03-29T08:00,73.9
2024-03-29T08:15,120.5
2024-03-29T08:30,168.0
2024-03-29T08:45,217.0
2024-03-29T09:00,265.5
2024-03-29T09:15,134.0
2024-03-29T09:30,196.1
2024-03-29T09:45,301.6
2024-03-29T10:00,347.8
2024-03-29T10:15,164.8
2024-03-29T10:30,422.1
2024-03-29T10:45,427.8
2024-03-29T11:00,426.3
2024-03-29T11:15,642.7
2024-03-29T11:30,682.7
2024-03-29T11:45,701.2
2024-03-29T12:00,729.9
2024-03-29T12:15,748.5
2024-03-29T12:30,767.0
2024-03-29T12:45,775.4
2024-03-29T13:00,793.9
2024-03-29T13:15,792.3
2024-03-29T13:30,800.7
2024-03-29T13:45,799.1
2024-03-29T14:00,787.5
2024-03-29T14:15,756.1
2024-03-29T14:30,774.3
2024-03-29T14:45,752.9
2024-03-29T15:00,721.5
2024-03-29T15:15,670.5
2024-03-29T15:30,659.0
2024-03-29T15:45,647.5
2024-03-29T16:00,596.8
2024-03-29T16:15,497.4
2024-03-29T16:30,411.1
2024-03-29T16:45,356.3
2024-03-29T17:00,335.5
2024-03-29T17:15,285.8
2024-03-29T17:30,203.1
2024-03-29T17:45,220.6
2024-03-29T18:00,206.5
2024-03-29T18:15,176.3
2024-03-29T18:30,142.5
2024-03-29T18:45,92.9
2024-03-29T19:00,52.6
2024-03-29T19:15,47.0
2024-03-29T19:30,7.6
2024-03-29T19:45,1.0
2024-03-29T20:00,0.0
2024-03-29T20:15,0.0
2024-03-29T20:30,0.0
2024-03-29T20:45,0.0
2024-03-29T21:00,0.0
2024-03-29T21:15,0.0
2024-03-29T21:30,0.0
2024-03-29T21:45,0.0
2024-03-29T22:00,0.0
2024-03-29T22:15,0.0
2024-03-29T22:30,0.0
2024-03-29T22:45,0.0
2024-03-29T23:00,0.0
2024-03-29T23:15,0.0
2024-03-29T23:30,0.0
2024-03-29T23:45,0.0
